hugo_symbol	amino_acid_position	curated_amino_acid_position	curated_hgvsc
CDH1	X177_splice	c.531	c.531+1G,c.531+2T
CDH1	X278_splice	c.832:c.833	c.832+1G,c.833-2A
CDH1	X440_splice	c.1320	c.1320+1G
CDH1	X722_splice	c.2165	c.2165-2A
CDKN2A	X51_splice	c.151	c.151-1G,c.151-2A
CDKN2A	X153_splice	c.457:c.458	c.457+1G,c.457+2T,c.458-1G,c.458-2A
MET	X1010_splice	c.3028,c.3082	c.3028+1G,c.3028+2T,c.3082+1G,c.3082+2T
PIK3R1	X582_splice	c.1746	c.1746-1G,c.1746-2A
PTEN	X70_splice	c.209:c.210	c.209+1G,c.209+2T,c.210-1G,c.210-2A
PTEN	X85_splice	c.253:c.254	c.253+1G,c.253+2T,c.254-2A
PTEN	X212_splice	c.634:c.635	c.634+1G,c.634+2T,c.635-1G,c.635-2A
PTEN	X267_splice	c.801	c.801+1G,c.801+2T
PTEN	X268_splice	c.802	c.802-1G,c.802-2A
PTEN	X342_splice	c.1026	c.1026+1G,c.1026+2T
PTEN	X343_splice	c.1027	c.1027-1G,c.1027-2A
RB1	X46_splice	c.137:c.138	c.137+1G,c.137+2T,c.138-1G,c.138-2A
RB1	X127_splice	c.380:c.381	c.380+1G,c.381-1G,c.381-2A
RB1	X203_splice	c.607:c.608	c.607+1G,c.608-1G
RB1	X405_splice	c.1215	c.1215+1G
RB1	X406_splice	c.1216	c.1216-1G,c.1216-2A
RB1	X445_splice	c.1333	c.1333-1G
RB1	X463_splice	c.1389	c.1389+1G
RB1	X474_splice	c.1421:c.1422	c.1421+1G,c.1422-1G,c.1422-2A
RB1	X500_splice	c.1498:c.1499	c.1498+1G,c.1498+2T,c.1499-2A
RB1	X605_splice	c.1814:c.1815	c.1814+1G,c.1814+2T,c.1815-1G
RB1	X654_splice	c.1960:c.1961	c.1960+1G,c.1960+2T,c.1961-1G,c.1961-2A
RB1	X702_splice	c.2106	c.2106+1G,c.2106+2T
RB1	X830_splice	c.2489:c.2490	c.2489+1G,c.2489+2T,c.2490-1G
SDHAF2	X87_splice	c.261	c.261-2A
STK11	X97_splice	c.290:c.291	c.290+1G,c.291-1G,c.291-2A
STK11	X155_splice	c.464:c.465	c.464+1G,c.465-1G,c.465-2A
STK11	X245_splice	c.734:c.735	c.734+1G,c.734+2T,c.735-1G
STK11	X288_splice	c.862:c.863	c.862+1G,c.863-1G,c.863-2A
STK11	X307_splice	c.920:c.921	c.920+1G,c.921-2A,c.921-1G
TP53	X32_splice	c.96	c.96+1G,c.96+2A
TP53	X33_splice	c.97	c.97-1G,c.97-2A
TP53	X125_splice	c.375	c.375+1G,c.375+2T
TP53	X126_splice	c.376	c.376-1G,c.376-2A
TP53	X187_splice	c.559:c.560	c.559+1G,c.559+2T,c.560-1G,c.560-2A
TP53	X224_splice	c.672	c.672+1G,c.672+2T
TP53	X225_splice	c.673	c.673-1G,c.673-2A
TP53	X261_splice	c.782:c.783	c.782+1G,c.782+2T,c.783-1G,c.783-2A
TP53	X307_splice	c.919:c.920	c.919+1G,c.919+2T,c.920-2A
TP53	X331_splice	c.993	c.993+1G,c.993+2T
TP53	X332_splice	c.994	c.994-1G,c.994-2A
VHL	X114_splice	c.340:c.341	c.340+1G,c.340+2T,c.341-1G,c.341-2A
VHL	X155_splice	c.463:c.464	c.463+1G,c.463+2T,c.464-1G,c.464-2A
